﻿<?xml version="1.0" encoding="utf-8"?>
<!-- Game:放的是每一个游戏；
	PackageName:游戏的包名；
	Model:模式(只能是数字)；
	Data:放的是每一个按键的数据；
	X:按键中心的x坐标(只能是数字)；
	Y:按键中心的y坐标(只能是数字)；
	R:按键的半径(只能是数字)；
	备注:要严格按照这个格式(顺序也不能改变)来填数据 -->
<GameData>
	<Game>
	    <!-- 武士2 -->
		<PackageName>com.madfingergames.SamuraiIIAll</PackageName>
		<Model>2</Model>
		<Data>
			<ID>13</ID>
			<X>177</X>
			<Y>570</Y>
			<R>77</R>
		</Data>
		<Data>
			<ID>4</ID>
			<X>1211</X>
			<Y>4430</Y>
			<R>0</R>
		</Data>
		<Data>
			<ID>5</ID>
			<X>1119</X>
			<Y>535</Y>
			<R>0</R>
		</Data>
		<Data>
			<ID>6</ID>
			<X>1070</X>
			<Y>662</Y>
			<R>0</R>
		</Data>
	</Game>	
	<Game>
	    <!-- CS -->
	    <PackageName>com.StudioOnMars.CSPortable</PackageName>
	    <Model>1</Model>
	    <Data>
			<ID>13</ID>
			<X>163</X>
			<Y>583</Y>
			<R>163</R>
		</Data>
	    <Data>
			<ID>12</ID>
			<X>904</X>
			<Y>345</Y>
			<R>75</R>
		</Data>
		<Data>
			<ID>4</ID>
			<X>1158</X>
			<Y>326</Y>
			<R>0</R>
		</Data>
		<Data>
			<ID>5</ID>
			<X>1041</X>
			<Y>682</Y>
			<R>0</R>
		</Data>
		<Data>
			<ID>6</ID>
			<X>799</X>
			<Y>682</Y>
			<R>0</R>
		</Data>
	</Game>
	<Game>
	    <!-- 死亡扳机 -->
	    <PackageName>com.madfingergames.deadtrigger</PackageName>
	    <Model>2</Model>
	    <Data>
			<ID>13</ID>
			<X>177</X>
			<Y>570</Y>
			<R>77</R>
		</Data>
		<Data>
			<ID>12</ID>
			<X>870</X>
			<Y>331</Y>
			<R>75</R>
		</Data>
		<Data>
			<ID>4</ID>
			<X>936</X>
			<Y>579</Y>
			<R>0</R>
		</Data>
		<Data>
			<ID>5</ID>
			<X>1096</X>
			<Y>504</Y>
			<R>0</R>
		</Data>
		<Data>
			<ID>6</ID>
			<X>1116</X>
			<Y>628</Y>
			<R>0</R>
		</Data>
	</Game>
</GameData>